{"cameraMode":{"drawMode":0,"name":"Shaded","section":"Shading Mode"},"sceneLighting":true,"audioPlay":false,"sceneViewState":{"m_AlwaysRefresh":false,"showFog":true,"showSkybox":true,"showFlares":true,"showImageEffects":true,"showParticleSystems":true,"showVisualEffectGraphs":true,"m_FxEnabled":true},"in2DMode":false,"pivot":{"x":-0.5882596969604492,"y":0.08480358123779297,"z":-0.6115102767944336},"rotation":{"x":-0.35815754532814028,"y":0.008960316888988018,"z":-0.003437513019889593,"w":-0.9336162209510803},"size":6.437148094177246,"orthographic":false}